p4n_id,title,url,latitude,longitude,location_type,num_places,total_reviews,avg_rating,parking_min_eur,parking_max_eur,electricity_eur,review_seasonality,top_languages,ai_pros,ai_cons,last_scraped
398761,(7665) Luzianes - Vale Cernes,https://park4night.com/en/place/398761,37.596175,-8.471197,Homestays accommodation,2.0,5,4.8,10.0,10.0,0.0,"{""2024-07"": 1, ""2024-04"": 1}",de (2),nice owners (2); quiet location (1); spacious place (2); nature surroundings (2); welcoming atmosphere (1),,2026-01-22 12:11:05
338554,(7670) Funcheira - Rua do Poço Novo 11,https://park4night.com/en/place/338554,37.724156,-8.341241,Homestays accommodation,4.0,5,3.8,5.0,5.0,0.0,"{""2025-12"": 1, ""2025-01"": 1, ""2024-11"": 1, ""2024-03"": 1}",en (3); nl (1),friendly and helpful host (3); beautiful and fertile land (2); quiet and tranquil place (2); great for cycling (1); nice place by the river (1),scammed and disrespected (1); noise from road and trains (1),2026-01-22 12:11:16
553945,(7630-174) Odemira -,https://park4night.com/en/place/553945,37.654036,-8.614705,Homestays accommodation,2.0,5,5.0,10.0,10.0,0.0,"{""2025-10"": 1, ""2025-09"": 1, ""2025-02"": 1, ""2025-01"": 1, ""2024-10"": 1}",de (3); en (2),friendly and welcoming hosts (5); beautiful nature surroundings (3); peaceful and quiet location (3); close to lagoons (2),remote location (1),2026-01-22 12:11:29
187368,(7520) Porto Covo - 10 Rua Carlos Tê,https://park4night.com/en/place/187368,37.854163,-8.789895,Parking lot day/night,20.0,171,3.6,0.0,0.0,0.0,"{""2025-10"": 4, ""2025-09"": 4, ""2025-08"": 15, ""2025-07"": 5, ""2025-06"": 4, ""2025-05"": 2, ""2025-04"": 3, ""2025-03"": 3, ""2025-02"": 3, ""2025-01"": 3, ""2024-12"": 3, ""2024-11"": 3, ""2024-10"": 2, ""2024-09"": 5, ""2024-08"": 12, ""2024-07"": 4, ""2024-06"": 4, ""2024-05"": 6, ""2024-03"": 1, ""2024-02"": 2, ""2024-01"": 1}",pt (21); es (11); fr (10); de (9); it (5); en (4); nl (2); cs (1),quiet at night (33); close to town center (27); close to beach (26); free parking (15); safe with other campers (12); flat ground (7); good for visiting (6); spacious (5),no services (24); dirt/dusty ground (16); construction nearby (15); crowded (11); not clean (5); prohibited signs (5); noisy at night (3); security concerns (2),2026-01-22 12:11:39
420351,(7630-174) Odemira - Unnamed Road,https://park4night.com/en/place/420351,37.720535,-8.655896,Homestays accommodation,3.0,12,5.0,20.0,20.0,0.0,"{""2025-10"": 1, ""2025-08"": 4, ""2025-07"": 1, ""2025-05"": 1, ""2025-04"": 1, ""2024-08"": 1}",de (5); nl (1); pt (2),friendly and helpful hosts (7); clean facilities (6); hot water shower (5); tree planting initiative (3); quiet location (2),not much going on (1); slightly remote location (1),2026-01-22 12:11:49
589090,(7645) Vila Nova de Milfontes -,https://park4night.com/en/place/589090,37.7603,-8.766879,Private car park for campers,10.0,28,4.86,10.0,10.0,0.0,"{""2025-10"": 4, ""2025-09"": 6, ""2025-08"": 7, ""2025-07"": 7, ""2025-06"": 3, ""2025-05"": 1}",en (7); es (6); nl (3); fr (4); de (4); it (2),warm and welcoming hosts (15); peaceful and quiet place (14); spacious area (4); good value for money (2); great for stargazing (3); close to the beach (2); dogs welcome (3),lack of basic services (3); bumpy access road (1); potential for improvements (1); need for signage (1),2026-01-22 12:11:58
341235,(7540) Santiago do Cacém - 14 Estrada do Fidalgo,https://park4night.com/en/place/341235,38.0073,-8.694869,MH parking without services,3.0,19,3.95,0.0,0.0,0.0,"{""2025-10"": 1, ""2025-05"": 1, ""2025-02"": 1, ""2025-01"": 4, ""2024-09"": 1, ""2024-04"": 1, ""2024-03"": 1}",en (4); es (2); de (2); it (1); pt (1),quiet at night (6); convenient supermarket access (5); free parking (3); service area nearby (2); nice views (2),noise from supermarket deliveries (1); difficulty finding waste disposal (2); noise from cooling system (1); slight slope (1); dog waste issues (1),2026-01-22 12:11:59
99805,(7630-208) Odemira - N393,https://park4night.com/en/place/99805,37.591552,-8.666844,Extra services,5.0,18,3.0,0.0,0.0,0.0,"{""2025-11"": 1, ""2025-08"": 1, ""2025-07"": 1, ""2025-03"": 1, ""2025-02"": 1, ""2024-11"": 1}",de (1); es (1); pt (1); fr (3),quiet place to stay (2); free waste disposal (1); convenient for shopping (1),washing machine poor performance (3); dryer poor performance (1); payment by coins only (1); expensive services (1); inconsiderate parking (1),2026-01-22 12:12:06
476938,(7630-174) Odemira - 13 Rua das Barreiras Vermelhas,https://park4night.com/en/place/476938,37.59756,-8.648049,Parking lot day/night,12.0,65,4.48,0.0,0.0,0.0,"{""2026-01"": 4, ""2025-12"": 1, ""2025-11"": 4, ""2025-10"": 5, ""2025-09"": 1, ""2025-08"": 7, ""2025-07"": 4, ""2025-06"": 6, ""2025-05"": 1, ""2025-04"": 2, ""2025-03"": 2, ""2025-01"": 5, ""2024-12"": 1, ""2024-11"": 2, ""2024-10"": 1, ""2024-09"": 2, ""2024-08"": 4, ""2024-07"": 2, ""2024-05"": 2, ""2024-04"": 3, ""2024-03"": 2, ""2024-02"": 1}",en (13); fr (12); nl (7); de (6); es (3); it (3); pt (3); pl (2); cs (1),quiet at night (27); nice river location (19); close to town (17); clean toilets nearby (13); pleasant surroundings (11); free parking (5); nice park area (5); good for dog walking (2); picnic tables available (2); bike wash station (2),small parking spaces (6); limited maneuverability (3); no services (5); toilets have limited hours (4); parking closed/blocked (3); dogs barking (3); potential for overcrowding (2); difficult access at night (1); some people feel unsafe (1); noisy during day (1); water not working (1),2026-01-22 12:12:09
46361,(7670) Barragem do Monte da Rocha - N261-4,https://park4night.com/en/place/46361,37.7271,-8.28781,Parking lot day/night,10.0,16,3.62,0.0,0.0,0.0,"{""2025-11"": 1, ""2025-08"": 2, ""2025-02"": 1, ""2024-12"": 1, ""2024-02"": 1}",de (3); es (1); en (1),quiet and peaceful (6); beautiful views (3); good for overnight stay (3); clean place (1),water pump noise (2),2026-01-22 12:12:28
118590,(7630-174) Odemira - Unnamed Road,https://park4night.com/en/place/118590,37.598965,-8.630979,Parking lot day/night,10.0,25,3.92,0.0,0.0,0.0,"{""2025-10"": 1, ""2025-09"": 1, ""2025-08"": 1, ""2025-07"": 1, ""2025-06"": 2, ""2025-04"": 2, ""2025-02"": 1, ""2024-07"": 1, ""2024-04"": 1, ""2024-03"": 1}",de (3); fr (3); nl (3); es (1); pt (1); it (1),large parking space (5); close to supermarket (4); quiet at night (4); water disposal and refill (3); flat surface (3),litter and trash (1); noise from deliveries (1); overcrowding (1); no services (1); noisy during day (1),2026-01-22 12:12:51
53648,(7520) Sines - M1109,https://park4night.com/en/place/53648,37.926072,-8.80566,Parking lot day/night,15.0,334,4.14,0.0,0.0,0.0,"{""2026-01"": 6, ""2025-12"": 2, ""2025-11"": 8, ""2025-10"": 6, ""2025-09"": 4, ""2025-08"": 11, ""2025-07"": 4, ""2025-06"": 5, ""2025-05"": 9, ""2025-04"": 8, ""2025-03"": 4, ""2025-02"": 5, ""2025-01"": 9, ""2024-12"": 7, ""2024-11"": 6, ""2024-10"": 8, ""2024-09"": 10, ""2024-08"": 7, ""2024-07"": 13, ""2024-06"": 2, ""2024-05"": 5, ""2024-04"": 6, ""2024-03"": 3, ""2024-02"": 1, ""2024-01"": 1}",English (35); German (30); Spanish (25); Portuguese (15); French (12),Quiet / Tranquil night (50); Close to beach access (45); Spacious parking area (30); Free and legal parking (15); Safe and secure feeling (15); Trash bins available (12); Community of campers (10); Nearby cafes and restaurants (8); Good for surfing (5); Flat and level parking (4); Good mobile reception (3); Public toilets available (2),Lack of services (20); Overcrowding / Parking issues (20); Industrial area smell (10); Dirtiness / Littering (10); Dog barking / Loose dogs (10); Noise from people/generators (3); Self-appointed guardians (3); Distance from town (3); Police monitoring / Fines concern (3); Lack of privacy (2); Flies / Cucarachas (2); Parking lot closed (1),2026-01-22 12:13:30
157181,(7570) Minas do Lousal -,https://park4night.com/en/place/157181,38.039979,-8.422806,Parking lot day/night,100.0,15,4.33,0.0,0.0,0.0,"{""2025-05"": 2, ""2025-04"": 1, ""2025-03"": 1, ""2025-01"": 2, ""2024-04"": 1, ""2024-03"": 1}",de (4); nl (1); en (2); pt (1),quiet at night (4); lots of space (3); nice view (1); good internet (1); pleasant place (1),no services (2); overcrowded (2); train noise (2); remote location (1),2026-01-22 12:13:34
113748,(7630-174) Santa Maria - Rua do Cemitério,https://park4night.com/en/place/113748,37.59444,-8.644278,MH parking without services,3.0,47,3.23,0.0,0.0,0.0,"{""2026-01"": 1, ""2025-07"": 1, ""2025-05"": 1, ""2024-06"": 1, ""2024-01"": 1}",nl (1); fr (1); de (1); en (2),close to town center (1); quiet and secluded (1); lovely town worth visiting (1); explicitly allowed to stay (1),tight space for vehicles (2); sloping ground requires wedges (2); difficulty maneuvering large vehicles (1); lack of safety concerns (1); people looking into vans (1),2026-01-22 12:13:48
169931,(7540-195) Santiago do Cacém - 11 R. das Nogueiras,https://park4night.com/en/place/169931,38.011591,-8.697089,Extra services,20.0,27,4.11,0.0,0.0,0.0,"{""2025-11"": 2, ""2025-08"": 1, ""2025-04"": 1, ""2025-02"": 1, ""2024-12"": 1, ""2024-11"": 1, ""2024-09"": 2, ""2024-06"": 1, ""2024-03"": 2}",de (3); es (3); nl (2); en (2); fr (1); pt (2),free hot showers (7); clean facilities (4); nice place (2); free swimming pool (2),everything closed (3); showers close early (3); difficult to find (3); unfriendly staff (1); bad smelling toilets (1),2026-01-22 12:13:55
412703,(7630-536) Monte Huam Hu,https://park4night.com/en/place/412703,37.6069,-8.372093,"On the farm (farm, vineyard ...)",2.0,7,4.86,12.5,12.5,0.0,"{""2024-09"": 1, ""2024-08"": 2, ""2024-07"": 1, ""2024-03"": 1}",en (1); fr (2); de (1); nl (1),beautiful place extraordinary view (2); welcoming and attentive host (4); nice and clean facilities (1); quiet and idyllic place (2); magnificent garden natural environment (1),difficult road access (3); not suitable for large campers (2),2026-01-22 12:13:57
485274,(7670) Alcaria - Unnamed Road,https://park4night.com/en/place/485274,37.57782,-8.301753,Parking lot day/night,5.0,5,5.0,0.0,0.0,0.0,"{""2025-08"": 1, ""2025-06"": 2, ""2025-05"": 1, ""2025-01"": 1}",fr (3); de (2),calm and quiet (5); nice landscape view (2); water available (2); picnic table nearby (1); hiking opportunities (1),potential for tourists in summer (1),2026-01-22 12:14:04
35314,(7600-311) Parque de autocaravanas da Quinta da Cerca,https://park4night.com/en/place/35314,37.831507,-8.24691,Private car park for campers,50.0,112,4.15,9.0,10.0,0.0,"{""2025-11"": 2, ""2025-10"": 4, ""2025-09"": 3, ""2025-08"": 5, ""2025-07"": 1, ""2025-06"": 1, ""2025-05"": 2, ""2025-04"": 2, ""2025-03"": 3, ""2025-02"": 4, ""2025-01"": 1, ""2024-12"": 2, ""2024-10"": 2, ""2024-09"": 5, ""2024-08"": 2, ""2024-07"": 2, ""2024-06"": 2, ""2024-04"": 2, ""2024-03"": 2, ""2024-02"": 3}",en (11); fr (10); de (9); es (3); nl (3); it (2); pt (2); fi (1),swimming pool available (25); friendly and helpful owner (16); good value for money (15); clean facilities (11); spacious pitches (10); quiet location (7); electricity included (6); services available (5); owner speaks multiple languages (5); nice village nearby (4),pool not maintained (3); poor internet reception (1); muddy ground after rain (2); closed during off-season (3); showers cost extra (3); lack of shade (1); no shops in village (1); caterpillars on trees (1); limited communication with staff (1); basic facilities (1),2026-01-22 12:14:15
109040,(7630-174) São Luís - 4 Rua Liga dos Amigos,https://park4night.com/en/place/109040,37.715937,-8.662397,MH parking without services,5.0,11,2.55,,,0.0,"{""2025-04"": 1, ""2025-02"": 1, ""2025-01"": 1, ""2024-12"": 1}",fr (2); en (1); de (1),,rundown and unappealing (1); lack of welcome for campers (1); limited places available (1); restricted area (1); narrow village streets (1),2026-01-22 12:14:33
29073,(7520) Campsites Porto Covo,https://park4night.com/en/place/29073,37.852731,-8.787784,Camping,90.0,132,3.37,3.95,11.55,0.0,"{""2026-01"": 2, ""2025-11"": 1, ""2025-10"": 3, ""2025-09"": 2, ""2025-08"": 1, ""2025-07"": 6, ""2025-06"": 4, ""2025-05"": 3, ""2025-04"": 3, ""2025-03"": 2, ""2025-02"": 3, ""2025-01"": 1, ""2024-12"": 1, ""2024-11"": 1, ""2024-10"": 5, ""2024-09"": 3, ""2024-08"": 2, ""2024-07"": 5, ""2024-05"": 5, ""2024-04"": 4, ""2024-03"": 2, ""2024-02"": 2}",de (16); fr (10); en (7); es (5); it (4); pt (4); fi (1),clean facilities (17); friendly staff (11); close to town (11); quiet at night (7); good value (5); level pitches (3); hot showers (3); shaded pitches (2); good wifi (2),tight spaces (21); many permanent campers (12); poorly maintained facilities (7); noisy (5); unfriendly staff (4); difficult access (4); cats (4); pool closed (2); no toilet seats (2); overcrowded (2); lack of services (2); slow check-in (3),2026-01-22 12:14:49
111308,(7645-296) Vila Nova de Milfontes - Rua do Moinho de Vento Loja 13,https://park4night.com/en/place/111308,37.729523,-8.781386,Extra services,2.0,15,4.2,,,0.0,"{""2025-10"": 1}",de (1),miele professional machines (1); clean facilities (1); helpful staff (1); nearby shopping (1),,2026-01-22 12:14:52
23784,(7520-075) Campigir São Torpes,https://park4night.com/en/place/23784,37.908501,-8.79366,Camping,10.0,58,3.17,16.0,33.0,0.0,"{""2025-10"": 3, ""2025-09"": 1, ""2025-08"": 1, ""2025-07"": 1, ""2024-09"": 1, ""2024-08"": 1, ""2024-07"": 1, ""2024-06"": 2}",de (4); es (2); nl (1); fr (1); en (1); pt (1),friendly staff (4); close to beach (4); clean sanitary facilities (3); quiet location (3); warm water for showers (3); playground and sports facilities (3); camper services available (2),outdated facilities (4); many cats (4); unpleasant insects (2); poorly maintained pitches (2); lack of shade (1); limited shop supplies (1); poor hygiene in bathrooms (1); difficult access road (1); overcrowded with residents (1),2026-01-22 12:14:58
24042,(7645-243) Campiférias,https://park4night.com/en/place/24042,37.729698,-8.78315,Camping,50.0,169,3.43,15.0,21.0,0.0,"{""2025-11"": 1, ""2025-10"": 4, ""2025-09"": 4, ""2025-08"": 2, ""2025-07"": 1, ""2025-06"": 1, ""2025-04"": 5, ""2025-03"": 1, ""2025-01"": 1, ""2024-12"": 1, ""2024-11"": 2, ""2024-10"": 3, ""2024-09"": 3, ""2024-08"": 6, ""2024-07"": 3, ""2024-06"": 2, ""2024-05"": 8, ""2024-04"": 2, ""2024-03"": 1, ""2024-02"": 4, ""2024-01"": 1}",en (13); fr (11); de (9); es (5); nl (4); it (2); fi (1); pt (1),great location in town (21); clean facilities (17); friendly staff (11); close to beach (10); market across the street (10); hot water in showers (8); quiet at night (7); spacious pitches (6); good value for money (5); late check out (3),old facilities (15); cold water in showers (8); crowded in high season (5); no hot water (4); small pitches (3); noisy during the day (3); no dogs allowed (3); uneven pitches (3); barbecues allowed (2); reception closed for lunch (2); lack of privacy (2); theft (1); no seats or paper in toilets (1); overcrowding (1); lack of services (1),2026-01-22 12:15:04
461743,(7670) Garvão -,https://park4night.com/en/place/461743,37.724937,-8.331787,"On the farm (farm, vineyard ...)",2.0,14,5.0,10.0,10.0,0.0,"{""2025-02"": 1, ""2025-01"": 2, ""2024-11"": 1, ""2024-08"": 1, ""2024-05"": 3, ""2024-04"": 1, ""2024-01"": 1}",fr (6); de (1); it (1); en (2),beautiful scenery and views (6); friendly and welcoming host (5); peaceful and quiet location (4); natural environment (3); good for stargazing (2),difficult to find (2),2026-01-22 12:15:17
50070,(7570) Minas do Lousal - 210 Rua 25 Abril,https://park4night.com/en/place/50070,38.035801,-8.42889,Free motorhome area,12.0,300,4.27,0.0,0.0,0.0,"{""2026-01"": 5, ""2025-12"": 2, ""2025-11"": 3, ""2025-10"": 4, ""2025-09"": 6, ""2025-08"": 10, ""2025-07"": 4, ""2025-06"": 6, ""2025-05"": 4, ""2025-04"": 9, ""2025-03"": 12, ""2025-02"": 8, ""2025-01"": 7, ""2024-12"": 5, ""2024-11"": 3, ""2024-10"": 8, ""2024-09"": 11, ""2024-08"": 4, ""2024-07"": 9, ""2024-06"": 4, ""2024-05"": 11, ""2024-04"": 12, ""2024-03"": 7, ""2024-02"": 5, ""2024-01"": 1}",Spanish (30); French (19); German (18); English (17); Portuguese (10); Dutch (8); Italian (3); Czech (1); Bulgarian (1); Swedish (1); Polish (1),free services and electricity (48); quiet and peaceful location (30); clean and well-maintained (18); spacious pitches (10); mine museum and walks (17); friendly village atmosphere (6); bakery car service (5); bike wash and repair (5); good for overnight stay (5),dogs barking (17); parking full or occupied (8); electricity not always working (7); lack of local services (6); animal noises (4); no toilets or showers (4); permanent residents (3); chemical smell from factory (2); water tap issues (2); wild boar at night (2); shoes stolen by dog (2),2026-01-22 12:15:20
20450,() Santiago do Cacém - 18 Estrada do Fidalgo,https://park4night.com/en/place/20450,38.012402,-8.69492,Free motorhome area,60.0,218,3.83,0.0,0.0,0.0,"{""2026-01"": 2, ""2025-11"": 3, ""2025-10"": 6, ""2025-09"": 1, ""2025-08"": 8, ""2025-07"": 2, ""2025-06"": 1, ""2025-05"": 2, ""2025-04"": 2, ""2025-03"": 2, ""2025-02"": 1, ""2025-01"": 1, ""2024-12"": 2, ""2024-10"": 2, ""2024-09"": 1, ""2024-08"": 5, ""2024-07"": 7, ""2024-06"": 2, ""2024-05"": 5, ""2024-04"": 5, ""2024-03"": 3, ""2024-02"": 3, ""2024-01"": 2}",fr (18); es (10); de (9); en (7); pt (6); it (3); nl (1); pl (1); eu (1),free services (25); quiet and peaceful (21); shade from trees (13); near swimming pool (12); close to town/shops (7); clean facilities (4); good for hiking (3); picnic area (2),steep slope (24); difficult access/maneuvering (13); water services not working (4); overcrowded/full (4); small parking spaces (4); low branches (3); locals occupy spots (2); lack of electricity (2); unpleasant people (1),2026-01-22 12:15:28
89145,(7630) Bp petromira,https://park4night.com/en/place/89145,37.618886,-8.728706,Extra services,4.0,17,3.82,0.0,0.0,0.0,"{""2025-10"": 1, ""2025-09"": 1, ""2025-08"": 1, ""2025-07"": 1, ""2024-06"": 1}",es (2); de (1); fr (2),free water refill (3); easy access (1); air available (2),water not potable (1); water not available (1); requires specific hose (1),2026-01-22 12:15:34
40034,(7645) Orbitur Camping Park - Sitava Milfontes,https://park4night.com/en/place/40034,37.779701,-8.78354,Camping,100.0,90,3.28,18.0,40.0,0.0,"{""2025-12"": 2, ""2025-09"": 3, ""2025-08"": 3, ""2025-07"": 1, ""2025-05"": 2, ""2025-04"": 1, ""2025-03"": 1, ""2025-02"": 2, ""2025-01"": 1, ""2024-12"": 2, ""2024-11"": 2, ""2024-10"": 3, ""2024-09"": 4, ""2024-08"": 5, ""2024-07"": 1, ""2024-05"": 2, ""2024-04"": 2, ""2024-03"": 2}",de (12); en (7); fr (3); it (2); nl (2); es (3); pt (1),clean sanitary facilities (10); friendly staff (6); close to beach (6); hot showers (4); good value with ACSI (1); nice pitches (2); activities available (3); supermarket on site (2); nice landscape (1); good restaurant (1),expensive (10); outdated facilities (7); uneven pitches (5); dirty facilities (4); lack of staff (2); overcrowded (2); poor wifi (2); long check-in time (2); difficult to find place (1); no grey water disposal (1); no fresh water access (1); permanent campers (2); noisy (2); dusty (2); poor cell reception (1); no toilet paper (1); unpleasant access road (1); police/fines (1),2026-01-22 12:15:36
246912,(7540)  - N121,https://park4night.com/en/place/246912,38.01347,-8.58658,Private car park for campers,20.0,38,4.55,10.0,10.0,0.0,"{""2025-09"": 1, ""2025-08"": 2, ""2025-06"": 2, ""2025-03"": 1, ""2024-08"": 1, ""2024-06"": 2, ""2024-05"": 1, ""2024-04"": 1}",en (1); es (1); fr (3); pt (3); de (3),peaceful and quiet (5); nature setting (4); service area available (4); outdoor shower (4); easy check-in process (3),poor maintenance (2); unpleasant noise (1); difficult to contact host (3); unpleasant facilities (1); no electricity (1),2026-01-22 12:15:50
646606,"(7540-148) Santiago do Cacém, Santa Cruz e São Ba - Trilho Rio da Figueira",https://park4night.com/en/place/646606,38.01007,-8.699473,Parking lot day/night,5.0,5,4.2,0.0,0.0,0.0,"{""2026-01"": 1, ""2025-12"": 2, ""2025-11"": 2}",de (3); en (1); nl (1),free parking (1); clean toilets and showers (2); amazing view (1); quiet night (1); overnight stay allowed (1),no overnight signs (1); prohibited for motorhomes (1); limited toilet opening hours (1),2026-01-22 12:15:53
85517,(7670) Ourique - N123,https://park4night.com/en/place/85517,37.651114,-8.228256,Parking lot day/night,12.0,12,3.25,4.5,4.5,0.0,"{""2025-11"": 1, ""2025-09"": 1, ""2025-03"": 1, ""2024-08"": 1, ""2024-06"": 1}",fr (2); pt (2); nl (1),convenient for overnight stay (2); quiet and peaceful (2); close to main road (1); safe (1); some shade (1),not suitable for long campers (2); crowded (1); no amenities (1); difficult to find a spot (1),2026-01-22 12:15:58
304594,(7630-174) São Luís - 1 N120,https://park4night.com/en/place/304594,37.712412,-8.666083,Extra services,3.0,15,4.93,0.0,0.0,0.0,"{""2025-12"": 1, ""2025-09"": 1, ""2025-05"": 1, ""2025-01"": 1, ""2024-08"": 1, ""2024-03"": 1, ""2024-02"": 1}",nl (2); en (1); de (2); pl (1); fr (1),water pressure good (2); functional water source (5); water is drinkable (1); easy to find water (1),need own connector (1),2026-01-22 12:16:06
556029,(7630-574) Quinta Vicentina,https://park4night.com/en/place/556029,37.591933,-8.777318,Private car park for campers,12.0,69,4.9,15.0,18.0,0.0,"{""2026-01"": 2, ""2025-12"": 1, ""2025-11"": 2, ""2025-10"": 7, ""2025-09"": 5, ""2025-08"": 18, ""2025-07"": 1, ""2025-06"": 3, ""2025-05"": 2, ""2025-04"": 7, ""2025-03"": 6, ""2025-02"": 4, ""2025-01"": 6, ""2024-12"": 4, ""2024-10"": 1}",pt (14); fr (13); es (7); nl (6); en (6); de (4); it (2),"friendly and welcoming owners (36); clean facilities and showers (27); peaceful and quiet atmosphere (19); farm animals on site (18); great value for money (13); included services (electricity, laundry) (12); natural surroundings (10); good for children (7); offers fresh produce (eggs, vegetables) (7)",uneven ground surface (5); limited hot water at peak times (3); electricity outlet far away (1); no potable water (3); difficulty with grey water disposal (1); lack of light in bathroom (1); no lock on bathroom door (1); language barrier (2),2026-01-22 12:16:16
418320,(7670-215) Green Oaks Alentejo,https://park4night.com/en/place/418320,37.653384,-8.325752,"On the farm (farm, vineyard ...)",3.0,48,4.94,12.0,12.0,0.0,"{""2025-09"": 1, ""2025-07"": 1, ""2025-06"": 3, ""2025-05"": 1, ""2025-04"": 1, ""2025-02"": 3, ""2025-01"": 2, ""2024-12"": 1, ""2024-11"": 2, ""2024-08"": 5, ""2024-07"": 2, ""2024-06"": 3, ""2024-05"": 3, ""2024-04"": 4, ""2024-03"": 1}",de (15); nl (7); en (6); es (1); fr (2),beautiful nature (17); quiet and peaceful (15); friendly and helpful hosts (15); swimming lake/pond (10); fresh eggs available (8); outdoor shower (7); compost toilet (6); stargazing (3); olive oil for sale (3); goat milk/yogurt for sale (3),bad roads/accessibility (1); algae in lake (1); basic facilities (1),2026-01-22 12:17:13
463241,(7565) Camping Monte Naturista O Barao,https://park4night.com/en/place/463241,38.018113,-8.484914,Camping,40.0,10,3.9,13.0,24.0,0.0,"{""2025-10"": 1, ""2025-09"": 2, ""2025-07"": 1, ""2024-09"": 2, ""2024-08"": 1, ""2024-04"": 1, ""2024-02"": 1}",nl (2); es (1); fr (3); it (2); de (1),very clean facilities (4); nice swimming pool (5); friendly staff (3); peaceful nature setting (3); good restaurant (2),minimum stay requirement (1); strict naturist rules (2); cold swimming pool (1); expensive (1); no reception staff (1),2026-01-22 12:17:33
165654,(7555) Santiago do Cacém - Unnamed Road,https://park4night.com/en/place/165654,37.788288,-8.686092,Extra services,3.0,15,4.53,0.0,0.0,0.0,"{""2025-10"": 1, ""2025-08"": 1}",de (1); es (1),good water quality (2); nice atmosphere (1); interesting place (1); new renovations (1),crowded with locals (2); waiting in line (1),2026-01-22 12:17:46
364858,"(7630-521) Odemira - Ameixeira, EM 503",https://park4night.com/en/place/364858,37.619874,-8.351978,"On the farm (farm, vineyard ...)",5.0,17,4.59,10.0,10.0,0.0,"{""2024-12"": 2}",nl (2),beautiful nature (2); friendly owner (2); peaceful and quiet (1); good for hiking (1),no good phone reception (1),2026-01-22 12:17:54
222022,(7600) Terra Nua - Naturist Camping Site,https://park4night.com/en/place/222022,37.845438,-8.284281,Camping,30.0,25,4.68,10.0,15.0,0.0,"{""2025-08"": 1, ""2025-06"": 1, ""2025-02"": 1, ""2024-11"": 1, ""2024-08"": 1, ""2024-03"": 1}",de (4); nl (1),quiet and peaceful (5); friendly owner (4); nice pool (2); strong shower pressure (2); naturist friendly (2),nudity required for all (1),2026-01-22 12:17:54
69788,(7600) Aljustrel - Rua Nossa Senhora do Castelo,https://park4night.com/en/place/69788,37.880798,-8.16701,Parking lot day/night,12.0,20,4.05,0.0,0.0,0.0,"{""2025-11"": 1, ""2025-01"": 1, ""2024-11"": 2, ""2024-10"": 2, ""2024-08"": 1, ""2024-01"": 1}",fr (4); de (1); en (1); pt (1); es (1),great view (6); quiet at night (3); close to village (1); interesting museum nearby (1),loud teenagers (1); barking dog (1); no services (1); steep and narrow road (1); some cars at night (1),2026-01-22 12:17:58
46360,(7670)  - N261-4,https://park4night.com/en/place/46360,37.725101,-8.30103,Parking lot day/night,20.0,19,3.89,0.0,0.0,0.0,"{""2025-08"": 1, ""2025-06"": 1, ""2024-09"": 1, ""2024-08"": 1, ""2024-05"": 1, ""2024-04"": 2}",en (2); fr (1); de (2); nl (1),lake views (3); quiet and peaceful (3); nature setting (2); shade available (1); walking trails (1),difficult access road (4); mosquitoes (2); litter/trash (1); spooky at night (1); uneven terrain (1),2026-01-22 12:18:06
299555,(7630) Monte Maravilhas,https://park4night.com/en/place/299555,37.64018,-8.402422,Camping,12.0,9,3.78,20.0,20.0,0.0,"{""2025-06"": 1, ""2024-12"": 1, ""2024-09"": 1, ""2024-08"": 1}",nl (1); fr (1); de (2),quiet and peaceful (3); clean facilities (2); nice pool (1); lots of space (1); beautiful location (1),uneven pitches (2); limited electricity hookups (1); no chemical toilet disposal (1); difficult access road (1); no dogs allowed (1),2026-01-22 12:18:07
440341,(7630) Adega dos Nascedios,https://park4night.com/en/place/440341,37.839335,-8.438748,"On the farm (farm, vineyard ...)",10.0,26,4.92,15.0,15.0,0.0,"{""2025-10"": 1, ""2025-08"": 2, ""2025-07"": 1, ""2025-05"": 3, ""2025-03"": 2, ""2025-01"": 1, ""2024-11"": 1, ""2024-10"": 3, ""2024-09"": 1, ""2024-07"": 3, ""2024-05"": 2, ""2024-02"": 1}",en (8); fr (5); nl (3); de (2),beautiful location vineyard (10); friendly welcoming host (9); delicious wine tasting (11); quiet peaceful atmosphere (7); fair prices (3),no showers basic facilities (4); barking dog (3); owner away no wine tasting (1); paid for water (1); no emptying facilities (1),2026-01-22 12:18:15
223493,(7670) Parque Campismo - Barragem Monte da Rocha,https://park4night.com/en/place/223493,37.716498,-8.302152,Camping,50.0,127,4.24,10.0,13.5,3.5,"{""2025-12"": 1, ""2025-11"": 1, ""2025-10"": 3, ""2025-09"": 1, ""2025-08"": 7, ""2025-07"": 2, ""2025-06"": 2, ""2025-04"": 3, ""2025-03"": 1, ""2025-02"": 1, ""2025-01"": 4, ""2024-10"": 3, ""2024-09"": 2, ""2024-08"": 5, ""2024-07"": 3, ""2024-06"": 1, ""2024-05"": 3, ""2024-04"": 1, ""2024-03"": 3, ""2024-02"": 2}",en (10); fr (10); de (7); pt (7); nl (3); es (2); fi (2),quiet and peaceful place (20); good value for money (15); nice swimming pool (14); clean facilities (11); spacious pitches (9); friendly staff/owners (5); beautiful natural surroundings (5); hot showers (5); good restaurant/bar prices (4),lack of shade (10); swimming pool issues (7); dogs off leash / mess (5); no supermarket nearby (4); poor access road (3); cash only payments (3); no reception / difficult to find staff (3); noisy at weekends (1); no hot water (1),2026-01-22 12:18:26
428897,(7665) Monte Cruz,https://park4night.com/en/place/428897,37.559864,-8.403117,"On the farm (farm, vineyard ...)",2.0,7,4.43,15.0,15.0,0.0,"{""2024-11"": 1, ""2024-04"": 2}",de (2); en (1),beautiful nature spot (2); peaceful and relaxing (1); great surroundings for hiking (1); friendly dogs (1),place no longer exists (1); better for vans or small campers (1),2026-01-22 12:18:34
434834,(7555-267) Santiago do Cacém - Unnamed Road,https://park4night.com/en/place/434834,37.865338,-8.720496,Service area without parking,1.0,89,4.6,,,0.0,"{""2026-01"": 1, ""2025-12"": 3, ""2025-11"": 4, ""2025-10"": 5, ""2025-09"": 2, ""2025-08"": 5, ""2025-07"": 5, ""2025-06"": 1, ""2025-05"": 1, ""2025-04"": 3, ""2025-03"": 2, ""2025-02"": 3, ""2025-01"": 3, ""2024-12"": 3, ""2024-10"": 1, ""2024-09"": 5, ""2024-08"": 2, ""2024-07"": 12, ""2024-06"": 2, ""2024-05"": 3, ""2024-04"": 3, ""2024-03"": 2}",en (10); fr (10); es (7); pt (7); nl (4); de (3); pl (1); it (1); hu (1); cs (1),free services (32); clean facilities (15); dump and refill water (14); convenient location (5); good water quality (3),slow water pressure (19); requires manual holding (7); water taste issues (3); difficult to empty (2); requires adapter (1),2026-01-22 12:18:47
314760,(7555) Cercal do Alentejo - Estrada de Colos,https://park4night.com/en/place/314760,37.79885,-8.666047,Parking lot day/night,3.0,15,3.73,0.0,0.0,0.0,"{""2024-09"": 1, ""2024-08"": 1, ""2024-03"": 2, ""2024-02"": 1}",en (1); pt (1); nl (1); es (1); fr (1),quiet at night (3); flat ground (1); close to center (1); green spaces (1),rubbish dumping (1); early morning noise (1),2026-01-22 12:19:00
275662,(7540-205) Santiago do Cacém - 3 Rua Ramos da Costa,https://park4night.com/en/place/275662,38.014308,-8.692091,Extra services,1.0,9,5.0,0.0,0.0,0.0,"{""2025-10"": 1, ""2024-05"": 1, ""2024-04"": 1, ""2024-02"": 1}",de (3); nl (1),clean and well-maintained (3); good value for money (1); fast drying time (1); close to camper parking (1),requires walking with laundry (1); payment by cash only (1),2026-01-22 12:19:08
556333,(7520) Sines - 11 Rua Vitalina da Silva,https://park4night.com/en/place/556333,37.851921,-8.784749,Parking lot day/night,20.0,5,4.2,0.0,0.0,0.0,"{""2025-12"": 1, ""2025-06"": 1, ""2025-04"": 2, ""2024-10"": 1}",es (3); en (1); de (1),quiet place (4); plenty of parking spots (1),construction debris around (2); undeveloped area (2); other vehicles parked close (1),2026-01-22 12:19:22
18333,(7520) Camping Costa Vizir,https://park4night.com/en/place/18333,37.856445,-8.787106,Camping,200.0,423,4.28,40.0,60.0,0.0,"{""2026-01"": 2, ""2025-12"": 2, ""2025-11"": 2, ""2025-10"": 11, ""2025-09"": 11, ""2025-08"": 3, ""2025-07"": 8, ""2025-06"": 9, ""2025-05"": 10, ""2025-04"": 5, ""2025-03"": 6, ""2025-02"": 1, ""2025-01"": 2, ""2024-11"": 6, ""2024-10"": 6, ""2024-09"": 9, ""2024-08"": 6, ""2024-07"": 15, ""2024-06"": 11, ""2024-05"": 6, ""2024-04"": 4, ""2024-03"": 4, ""2024-02"": 6}",German (29); English (17); French (15); Spanish (14); Dutch (7),clean modern facilities (65); excellent location (60); friendly helpful staff (35); great swimming pool (30); spacious pitches (25); good value ACSI card (20); quiet relaxing atmosphere (10),high price / expensive (30); sanitary facilities issues (22); construction work in town (12); small unlevel pitches (13); limited services amenities (8); confusing booking system (6); overcrowding / busy (5); electricity issues (5); poor or limited WiFi (4); unfriendly staff (3),2026-01-22 12:19:30
482151,(7630-174) Odemira - Avenida do Sul,https://park4night.com/en/place/482151,37.572381,-8.6674,MH parking without services,5.0,26,3.5,0.0,0.0,0.0,"{""2025-09"": 1, ""2025-06"": 1, ""2025-05"": 3, ""2025-04"": 1, ""2025-03"": 3, ""2025-02"": 1, ""2025-01"": 1, ""2024-09"": 1, ""2024-07"": 2, ""2024-05"": 3, ""2024-04"": 5, ""2024-03"": 2, ""2024-02"": 2}",nl (5); fr (5); pt (4); en (3); es (3); de (3); it (2),quiet night (11); clean place (4); free parking (3); close to supermarkets (3); calm area (2); legal parking spot (2); flat surface (2),unsafe feeling (5); loud people at night (4); no services available (4); difficult parking (1); overcrowding (1); police involvement (1),2026-01-22 12:19:31
177331,(7645-065) Quinta do Rossi - Caravan Park,https://park4night.com/en/place/177331,37.808958,-8.76547,Private car park for campers,17.0,439,4.59,12.0,22.0,0.0,"{""2026-01"": 1, ""2025-12"": 1, ""2025-11"": 1, ""2025-10"": 4, ""2025-09"": 6, ""2025-08"": 5, ""2025-07"": 5, ""2025-06"": 2, ""2025-05"": 4, ""2025-04"": 4, ""2025-03"": 3, ""2025-02"": 2, ""2025-01"": 8, ""2024-12"": 2, ""2024-11"": 5, ""2024-10"": 4, ""2024-09"": 10, ""2024-08"": 20, ""2024-07"": 6, ""2024-06"": 4, ""2024-05"": 4, ""2024-04"": 4, ""2024-03"": 6, ""2024-02"": 2}",de (25); en (20); pt (11); es (10); fr (8); it (6); nl (3),friendly helpful hosts (40); clean facilities (20); good facilities amenities (15); quiet calm place (15); animals on site (14); bar local products (12); hot showers (10); good value fair price (8); relaxed chilled vibe (7); close to beach town (5); spacious pitches (4); good wifi (4); starry sky nature (3); helpful with problems (3); washing machine dryer (3); safe secure feeling (3),dirty smelly bathrooms (8); run down unkempt appearance (7); limited shower facilities (4); noisy animals (4); expensive for services (2); unfriendly reception (1); impure water hose (1); lack of shade (1); dog barking at night (1),2026-01-22 12:23:17
8637,(7630-740) Camping Villa Park Zambujeira,https://park4night.com/en/place/8637,37.525692,-8.775558,Camping,50.0,752,4.54,10.0,35.0,0.0,"{""2026-01"": 5, ""2025-12"": 8, ""2025-11"": 5, ""2025-10"": 15, ""2025-09"": 7, ""2025-08"": 11, ""2025-07"": 10, ""2025-06"": 11, ""2025-05"": 10, ""2025-04"": 17, ""2025-03"": 9, ""2025-02"": 9, ""2025-01"": 12, ""2024-12"": 9, ""2024-11"": 15, ""2024-10"": 13, ""2024-09"": 16, ""2024-08"": 24, ""2024-07"": 22, ""2024-06"": 13, ""2024-05"": 14, ""2024-04"": 11, ""2024-03"": 10, ""2024-02"": 7, ""2024-01"": 2}",German (48); French (35); English (22); Spanish (16); Portuguese (8); Italian (5); Dutch (4); Finnish (1),very clean facilities (80); friendly helpful staff (28); good value for money (25); covered heated pool (20); well-stocked supermarket (19); walking distance to town (18); walking distance to beach (17); free choice of pitch (12); quiet at night (6); good restaurant bar (6),overcrowding lack of organization (19); no toilet paper (9); uneven difficult pitches (9); sewerage bad smell (4); brown tap water (3); unfriendly restaurant staff (1); pool not working (1); stolen belongings (1); no warm water (1); poor wifi signal (1),2026-01-22 10:51:50
99617,(8500-130) CampingCar Figueira,https://park4night.com/en/place/99617,37.169179,-8.601151,Paying motorhome area,30.0,642,4.69,15.0,22.5,0.0,"{""2026-01"": 3, ""2025-12"": 3, ""2025-11"": 3, ""2025-10"": 9, ""2025-09"": 12, ""2025-08"": 9, ""2025-07"": 11, ""2025-06"": 7, ""2025-05"": 3, ""2025-04"": 8, ""2025-03"": 10, ""2025-02"": 2, ""2025-01"": 7, ""2024-12"": 2, ""2024-11"": 7, ""2024-10"": 15, ""2024-09"": 22, ""2024-08"": 23, ""2024-07"": 19, ""2024-06"": 9, ""2024-05"": 10, ""2024-04"": 3, ""2024-03"": 8, ""2024-02"": 1, ""2024-01"": 1}",fr (49); es (22); de (19); en (13); nl (7); it (6); pt (4); cz (1),friendly and helpful staff (69); clean facilities (52); quiet at night (37); good value for money (34); all services included (30); speaks french (26); well maintained site (24); hot water showers (21); scooter rental available (17); level pitches (15); good location for exploring (14); playground for children (6); shaded pitches (5),small pitches (26); noisy during the day (17); outdated sanitary facilities (16); dogs barking at night (15); roosters crowing early (13); difficult access for large vehicles (11); lack of hot water (7); limited number of toilets/showers (7); no toilet paper provided (5); no shade (3); wifi is weak (2); construction noise (2),2026-01-22 09:32:05
304807,(8650-196) QuintaQuez,https://park4night.com/en/place/304807,37.104423,-8.801377,"On the farm (farm, vineyard ...)",5.0,170,4.76,15.0,15.0,0.0,"{""2026-01"": 7, ""2025-12"": 4, ""2025-11"": 6, ""2025-10"": 7, ""2025-09"": 5, ""2025-08"": 19, ""2025-07"": 6, ""2025-06"": 3, ""2025-05"": 3, ""2025-04"": 3, ""2025-03"": 1, ""2025-01"": 3, ""2024-12"": 1, ""2024-11"": 1, ""2024-10"": 7, ""2024-09"": 4, ""2024-08"": 8, ""2024-07"": 3, ""2024-06"": 2, ""2024-05"": 3, ""2024-04"": 4, ""2024-03"": 1, ""2024-02"": 1}",de (43); nl (7); fr (10); en (10); es (5),warm welcome (34); friendly hosts (32); quiet and peaceful (30); animals are a highlight (29); spacious and private pitches (26); nature setting (20); good for children (19); hot shower (15); electricity included (13); good location for exploring (11); fresh figs provided (8); clean facilities (6); good value for money (5); helpful tips (5),difficult road access (7); no drinking water (4); hot shower not working (3); no toilet/shower facilities (2); noisy dogs (2); no bins (1); no phone number for contact (1); unhappy owner on arrival (1); children too noisy (1); salty water (1); don't flush toilet paper (1),2026-01-22 09:31:57
579044,(8650-450) Romano Rancho – Boutique off-grid farm stay,https://park4night.com/en/place/579044,37.108685,-8.806105,"On the farm (farm, vineyard ...)",3.0,71,4.77,,,0.0,"{""2026-01"": 2, ""2025-12"": 3, ""2025-11"": 5, ""2025-10"": 14, ""2025-09"": 11, ""2025-08"": 13, ""2025-07"": 6, ""2025-06"": 7, ""2025-05"": 10}",en (18); de (15); nl (6); fr (11); es (2); it (2),friendly and welcoming hosts (30); peaceful and quiet nature (25); basic but functional facilities (10); natural and sustainable living (8); good location for visiting (5); space and nature (4); good for children (3),muddy access road after rain (10); lack of privacy in shower (7); basic facilities not luxury (6); shower water not always hot (5); limited water pressure (2); no grey water disposal (2); no electricity hookup (2); expensive for what it is (1),2026-01-22 09:31:47
30443,(7630-592) Parque De Campismo São Miguel,https://park4night.com/en/place/30443,37.438301,-8.75583,Camping,400.0,193,3.82,13.5,28.0,7.0,"{""2025-10"": 2, ""2025-09"": 2, ""2025-08"": 4, ""2025-06"": 2, ""2025-05"": 2, ""2025-04"": 4, ""2025-03"": 2, ""2025-01"": 1, ""2024-11"": 1, ""2024-10"": 3, ""2024-09"": 2, ""2024-08"": 8, ""2024-07"": 2, ""2024-05"": 2, ""2024-04"": 3, ""2024-03"": 2, ""2024-02"": 1}",en (5); fr (5); es (4); de (4); it (4); nl (2); pt (1),clean facilities (10); friendly staff (9); quiet location (7); shaded spots (5); good wifi (4); nice pool (4),expensive price (17); unclear pitches (9); old facilities (7); dirty facilities (5); pool closed (3); long check-in time (3); electricity issues (3),2026-01-22 09:31:46
361330,(7520) Sines - 1 Avenida Vasco da Gama,https://park4night.com/en/place/361330,37.950712,-8.863269,Parking lot day/night,10.0,41,3.98,0.0,0.0,0.0,"{""2025-10"": 3, ""2025-09"": 2, ""2025-08"": 4, ""2025-06"": 2, ""2024-08"": 1, ""2024-07"": 7, ""2024-06"": 1, ""2024-03"": 3, ""2024-02"": 2, ""2024-01"": 4, ""2023-11"": 1, ""2023-08"": 2, ""2023-07"": 1, ""2023-05"": 1, ""2023-04"": 1, ""2023-02"": 2, ""2022-12"": 2, ""2022-11"": 1, ""2022-10"": 1}",es (7); en (6); fr (4); nl (1); eu (1); de (3); pt (1); it (2),close to beach (10); close to town (9); quiet at night (10); safe feeling (4); plenty of space (7); flat parking surface (4); nice view (2),road noise (11); no services (5); overcrowding (2); police asked to leave (1); noisy neighbours (1); narrow roads (1); dirty (1); traffic early morning (2),2026-01-21 10:51:00
370099,(7520) Sines - 18 Largo Ramos da Costa,https://park4night.com/en/place/370099,37.95525,-8.86465,Parking lot day/night,6.0,5,2.8,0.0,0.0,0.0,"{""2025-09"": 1, ""2024-07"": 1, ""2024-03"": 1, ""2023-10"": 1, ""2023-08"": 1}",es (2); en (1); de (1); fr (1),safe place to leave van (1); central parking area (1); authorized place to stay (1); quiet night (1); close to attractions (1),very noisy (3); too small for large campers (3); lots of traffic (2); seagulls making noise (2); noisy neighbors (1),2026-01-21 10:50:59
475330,(7500-220) Sines - Unnamed Road,https://park4night.com/en/place/475330,38.043854,-8.790332,Parking lot day/night,4.0,8,3.88,0.0,0.0,0.0,"{""2025-10"": 2, ""2025-03"": 1, ""2024-05"": 1, ""2024-04"": 1, ""2024-03"": 1, ""2023-12"": 2}",de (3); fr (3); en (2),viel platz (3); ruhig und sauber (3); leichte zufahrt (1); gute lage für ausflüge (1); müllcontainer vorhanden (2),kein service (2); lärm von karts/bikes (2); wildhunde (2); gelegentliche autos (1); zone industrielle (1),2026-01-21 10:50:51
317227,(7520) Sines -,https://park4night.com/en/place/317227,37.964379,-8.858146,Extra services,50.0,22,4.09,0.0,0.0,0.0,"{""2025-12"": 1, ""2025-09"": 1, ""2025-07"": 2, ""2025-06"": 1, ""2025-03"": 1, ""2025-02"": 1, ""2024-10"": 1, ""2024-04"": 2, ""2024-01"": 1, ""2023-12"": 1, ""2023-11"": 2, ""2023-08"": 1, ""2023-04"": 1, ""2023-03"": 1, ""2023-01"": 1, ""2022-07"": 3, ""2022-04"": 1}",de (6); fr (5); it (5); en (3); nl (2); pl (1),cheap and affordable (10); clean and tidy (6); convenient location near supermarket (6); fast washing and drying (5); working machines (3); good combo with parking (2),out of service (3); limited number of machines (1); lack of service area (1); opening hours inconvenient (1); dirty washing machine (1),2026-01-21 10:50:43
439205,(7630-174) Zambujeira do Mar - Unnamed Road,https://park4night.com/en/place/439205,37.52073,-8.788037,Extra services,,22,4.05,,,0.0,"{""2025-09"": 1, ""2025-08"": 1, ""2025-04"": 1, ""2025-02"": 1, ""2024-09"": 3, ""2024-08"": 2, ""2024-07"": 1, ""2023-12"": 1, ""2023-10"": 1, ""2023-09"": 2, ""2023-08"": 8}",pt (7); en (5); de (3); es (2); fr (1); nl (1),warm water (11); clean facilities (10); friendly staff (4); good price (4); sea view (1),closed outside season (4); height restriction parking (3); closed during opening hours (3); puddle in shower (1),2026-01-21 10:50:26
477612,(7520-313) Sines - 9 Quinta do Meio,https://park4night.com/en/place/477612,37.95456,-8.855858,Extra services,4.0,7,5.0,0.0,0.0,0.0,"{""2025-12"": 1, ""2025-11"": 1, ""2025-05"": 1, ""2025-03"": 1, ""2024-06"": 1, ""2024-05"": 1, ""2024-01"": 1}",nl (4); de (1); hu (1); it (1),modern and clean facilities (4); good washing machines (3); fast dryers (2); ample parking space (2); free wifi (3); comfortable seating area (1); easy payment options (2); friendly staff (1); nearby amenities (1),,2026-01-21 10:49:18
311320,(X479+M3) Sines - Av. da Costa do Norte,https://park4night.com/en/place/311320,37.96415,-8.882271,Parking lot day/night,8.0,77,4.31,0.0,0.0,0.0,"{""2025-12"": 1, ""2025-11"": 1, ""2025-10"": 1, ""2025-09"": 4, ""2025-08"": 6, ""2025-07"": 1, ""2025-05"": 1, ""2025-04"": 1, ""2025-03"": 3, ""2025-02"": 1, ""2025-01"": 2, ""2024-12"": 2, ""2024-11"": 2, ""2024-10"": 4, ""2024-09"": 10, ""2024-08"": 10, ""2024-07"": 4, ""2024-06"": 2, ""2024-05"": 2, ""2024-04"": 2, ""2024-03"": 3, ""2024-02"": 2, ""2024-01"": 1, ""2023-10"": 1, ""2023-09"": 4, ""2023-07"": 1, ""2023-01"": 1, ""2022-06"": 1, ""2022-04"": 1, ""2022-03"": 2}",en (14); fr (13); de (11); es (3); nl (3); it (3); pt (2); iw (1),beautiful view (35); quiet at night (26); sunset view (16); lots of space (10); calm (9); safe feeling with others (7); sunrise view (3); easy access (3); close to the sea (3); sound of waves (3),lots of trash (14); very windy (11); abandoned buildings (8); uneven ground (7); no services (6); crowded (5); smell of refinery (3); police/fines (1); overcrowding (1),2026-01-21 10:48:49
335819,(7520-219) Sines - 127 Rua Júlio Gomes da Silva,https://park4night.com/en/place/335819,37.95725,-8.861942,Extra services,1.0,5,5.0,0.0,0.0,0.0,"{""2025-11"": 1, ""2025-08"": 1, ""2022-12"": 1, ""2022-11"": 1, ""2022-08"": 1}",nl (1); fr (2); de (1); es (1),clean and tidy (1); coffee machine available (1); fast and cheap (2); easy to use (1); easy access (1); plenty of machines (1),,2026-01-21 10:48:40
110836,(7520) Sines - 47 Alameda da Paz,https://park4night.com/en/place/110836,37.95872,-8.867052,Parking lot day/night,10.0,15,3.47,,,0.0,"{""2025-06"": 1, ""2024-08"": 1, ""2024-07"": 1, ""2023-09"": 2, ""2023-08"": 1, ""2022-12"": 1, ""2022-06"": 1, ""2022-03"": 1, ""2021-12"": 2, ""2020-02"": 1, ""2020-01"": 1, ""2019-12"": 1, ""2019-10"": 1}",es (4); it (3); pt (3); fr (2); de (2); en (1),close to city center (7); close to beach (3); quiet during the night (3); free parking (2); has shade in morning (1); near gas station (1); near laundry and snacks (1); near playground and garden (1); near bakery (1); near market hall (1); close to restaurants (1); close to coffee shops (1); close to butcher (1),noisy at night (2); no facilities (2); not very beautiful (2); unlevel ground (1); muddy when raining (1); feels like someone's backyard (1); traffic noise (1); tight parking (1),2026-01-21 10:48:32
361231,(7520-206) Sines - Unnamed Road,https://park4night.com/en/place/361231,37.964267,-8.858753,MH parking without services,3.0,51,4.1,0.0,0.0,0.0,"{""2026-01"": 2, ""2025-12"": 1, ""2025-11"": 1, ""2025-10"": 1, ""2025-09"": 1, ""2025-08"": 2, ""2025-07"": 1, ""2025-06"": 2, ""2025-05"": 2, ""2025-04"": 1, ""2025-03"": 1, ""2025-02"": 3, ""2025-01"": 2, ""2024-11"": 1, ""2024-10"": 2, ""2024-09"": 1, ""2024-08"": 1, ""2024-07"": 3, ""2024-06"": 1, ""2024-05"": 1, ""2024-04"": 3, ""2024-03"": 2, ""2024-02"": 1, ""2023-12"": 1, ""2023-11"": 1, ""2023-10"": 2, ""2023-07"": 1, ""2023-06"": 1, ""2023-05"": 2, ""2023-04"": 1, ""2023-02"": 1, ""2022-10"": 3, ""2022-08"": 2}",es (9); fr (9); de (7); en (6); pt (3); it (2); nl (2); cs (1),convenient for shopping (14); laundry available nearby (13); quiet at night (12); safe place (10); thank you continente (9); flat and clean places (4); good for overnight stay (3); security cameras (3); free parking (1),noise from refrigerators/compressors (10); noise from trucks/deliveries (9); difficult to find entrance (4); lack of services (water/grey water) (2); uncomfortable feeling/unsafe (2); noise from ventilation (2); noisy during the day (1); no services (1),2026-01-21 10:48:26
162119,(7520) Sines - 127 Rua Marquês de Pombal,https://park4night.com/en/place/162119,37.955721,-8.869707,Extra services,,8,5.0,,,0.0,"{""2025-06"": 1, ""2025-03"": 1, ""2023-12"": 1, ""2023-11"": 1, ""2023-06"": 1, ""2022-03"": 1, ""2021-12"": 1, ""2020-01"": 1}",fr (2); nl (1); en (2); de (2); es (1),cleanliness (6); good value for money (4); easy to park (3); modern facilities (1); free wifi (3),cash only payment (2); narrow roads nearby (1),2026-01-21 10:47:56
26016,(7520-001) Sines - R261-5,https://park4night.com/en/place/26016,37.96526,-8.85882,Service area without parking,,152,4.12,,,0.0,"{""2026-01"": 1, ""2025-12"": 2, ""2025-11"": 1, ""2025-08"": 1, ""2025-06"": 2, ""2025-05"": 2, ""2025-04"": 3, ""2025-02"": 2, ""2024-11"": 1, ""2024-10"": 1, ""2024-08"": 5, ""2024-03"": 1, ""2024-02"": 3, ""2024-01"": 1, ""2023-12"": 1, ""2023-11"": 2, ""2023-09"": 2, ""2023-08"": 3, ""2023-07"": 2, ""2023-06"": 1, ""2023-04"": 1, ""2023-03"": 3, ""2023-02"": 1, ""2023-01"": 2, ""2022-12"": 1, ""2022-11"": 1, ""2022-09"": 2, ""2022-08"": 1, ""2022-07"": 2, ""2022-06"": 2, ""2022-05"": 2, ""2022-03"": 1, ""2021-12"": 1, ""2021-11"": 2, ""2021-08"": 4, ""2021-07"": 2, ""2021-06"": 5, ""2021-04"": 1, ""2021-03"": 1, ""2021-01"": 1, ""2020-12"": 1, ""2020-11"": 1, ""2020-10"": 2, ""2020-09"": 4, ""2020-08"": 4, ""2020-07"": 2, ""2020-06"": 1, ""2020-03"": 3, ""2020-02"": 3, ""2020-01"": 1, ""2019-12"": 1, ""2019-11"": 2, ""2019-10"": 3, ""2019-09"": 2, ""2019-08"": 6, ""2019-07"": 3, ""2019-06"": 2, ""2019-04"": 3, ""2019-02"": 1, ""2019-01"": 2, ""2018-12"": 1, ""2018-11"": 1, ""2018-10"": 3, ""2018-08"": 1, ""2018-07"": 4, ""2018-06"": 3, ""2018-04"": 1, ""2018-03"": 1, ""2018-02"": 1, ""2017-12"": 1, ""2017-11"": 1, ""2017-10"": 1, ""2017-09"": 4, ""2017-08"": 1, ""2017-07"": 1, ""2017-04"": 1, ""2016-12"": 2, ""2016-08"": 1, ""2016-07"": 2, ""2016-06"": 1}",pt (29); es (19); fr (16); de (11); en (10); it (6); nl (3); ru (1); uk (1),free services with purchase (47); convenient location (20); cheap fuel (10); clean facilities (8); overnight parking allowed (15); water and waste disposal (50); washing machines available (6),noisy (15); sloped ground (13); difficult to maneuver (5); limited opening hours (4); lack of amenities (2); overcrowding (3); dirty (3); water tap issues (4),2026-01-21 10:47:49
212659,(7520)  - 8 Beco Praia da Cerca Nova,https://park4night.com/en/place/212659,37.853813,-8.785638,Extra services,,17,2.88,,,0.0,"{""2025-03"": 1, ""2025-01"": 1, ""2024-12"": 1, ""2024-01"": 1, ""2023-12"": 1, ""2023-10"": 1, ""2023-05"": 1, ""2022-11"": 2, ""2022-09"": 2, ""2022-07"": 2, ""2022-06"": 1, ""2021-09"": 2, ""2020-09"": 1}",en (5); de (5); fr (4); nl (1); es (1),free water available (7); water tank filled easily (2); free air available (1); friendly staff (1),water tap closed (3); water pressure too low (3); difficult to get water (3); water not drinkable (1); no water available (1),2026-01-21 10:47:48
122829,(7520-151) Sines -,https://park4night.com/en/place/122829,37.955235,-8.865839,Parking lot day/night,20.0,28,3.61,0.0,0.0,0.0,"{""2025-09"": 1, ""2025-05"": 1, ""2025-01"": 1, ""2024-11"": 1, ""2024-06"": 1, ""2024-05"": 1, ""2023-10"": 1, ""2023-06"": 3, ""2023-05"": 1, ""2022-09"": 1, ""2022-08"": 1, ""2022-06"": 1, ""2022-05"": 1, ""2021-12"": 1, ""2021-11"": 1, ""2021-10"": 1, ""2021-09"": 1, ""2021-08"": 1, ""2020-12"": 1, ""2020-09"": 1, ""2020-08"": 1, ""2020-07"": 2, ""2020-02"": 1, ""2019-10"": 1, ""2019-07"": 1}",es (8); de (4); fr (4); en (3); nl (2); ca (1),good central location (7); nice castle and walls (4); close to beach (3); good restaurants nearby (3); nice sea view (2); clean public toilets (2),noisy at night (7); difficult for large vehicles (5); limited parking spaces (4); no services available (2); overcrowded with cars (1),2026-01-21 10:47:18
260875,(7520-200) Sines - 40 Rua do Forte,https://park4night.com/en/place/260875,37.951051,-8.875287,Parking lot day/night,8.0,7,3.71,0.0,0.0,0.0,"{""2023-11"": 1, ""2023-10"": 1, ""2023-08"": 1, ""2022-08"": 1, ""2022-07"": 1, ""2021-10"": 1, ""2021-09"": 1}",it (3); pt (2); es (1); fr (1); en (1),quiet and peaceful (3); convenient for visiting town (3); beautiful view (2); free parking (1); flat ground (1),industrial area view (1); lack of interest (1),2026-01-21 10:46:45
341152,(7520-151) Sines - 5 Rua Sacadura Cabral,https://park4night.com/en/place/341152,37.95435,-8.867431,Parking lot day/night,20.0,45,3.82,0.0,0.0,0.0,"{""2026-01"": 2, ""2025-11"": 1, ""2025-10"": 2, ""2025-09"": 2, ""2025-08"": 2, ""2025-07"": 1, ""2025-06"": 1, ""2025-05"": 2, ""2025-02"": 1, ""2025-01"": 1, ""2024-10"": 1, ""2024-09"": 2, ""2024-08"": 1, ""2024-06"": 3, ""2024-05"": 3, ""2024-04"": 2, ""2024-03"": 1, ""2024-01"": 1, ""2023-12"": 1, ""2023-11"": 1, ""2023-10"": 1, ""2023-09"": 2, ""2023-08"": 2, ""2023-07"": 1, ""2023-05"": 2, ""2023-01"": 1, ""2022-12"": 1, ""2022-11"": 1, ""2022-10"": 1, ""2022-08"": 2}",es (10); fr (7); de (6); en (4); it (3); nl (1); pt (1),close to beach (17); close to town center (13); nice views (7); public toilets available (10); free parking (5); safe feeling (4); beach showers available (5); playground nearby (3); quiet at night (7),noisy due to cobblestone road (22); noisy due to traffic (11); noisy due to people/parties (3); dirty public toilets (2); overcrowded during peak season (2),2026-01-21 10:46:32
303940,(7645) Vila Nova de Milfontes - 29 Rua Das Pousadas,https://park4night.com/en/place/303940,37.729096,-8.782226,Parking lot day/night,,131,4.07,0.0,0.0,0.0,"{""2026-01"": 1, ""2025-12"": 2, ""2025-11"": 4, ""2025-10"": 3, ""2025-09"": 3, ""2025-08"": 1, ""2025-06"": 1, ""2025-03"": 1, ""2025-01"": 1, ""2024-11"": 1, ""2024-10"": 1, ""2024-09"": 2, ""2024-08"": 4, ""2024-07"": 3, ""2024-06"": 2, ""2024-05"": 4, ""2024-04"": 1, ""2024-03"": 1, ""2024-02"": 2, ""2023-12"": 2, ""2023-11"": 1, ""2023-10"": 1, ""2023-09"": 3, ""2023-08"": 2, ""2023-07"": 3, ""2023-06"": 1, ""2023-05"": 1, ""2023-04"": 4, ""2023-03"": 1, ""2023-02"": 1, ""2022-10"": 5, ""2022-09"": 5, ""2022-08"": 5, ""2022-07"": 1, ""2022-06"": 1, ""2022-03"": 4, ""2022-02"": 2, ""2022-01"": 1, ""2021-12"": 1, ""2021-11"": 2, ""2021-10"": 1, ""2021-09"": 3, ""2021-08"": 2, ""2021-07"": 1, ""2020-11"": 1, ""2020-10"": 2, ""2020-09"": 3, ""2020-08"": 2, ""2020-07"": 4, ""2020-03"": 1, ""2020-02"": 3, ""2019-12"": 2, ""2019-10"": 5, ""2019-09"": 3, ""2019-08"": 1, ""2019-07"": 2, ""2019-05"": 1, ""2019-04"": 4, ""2019-03"": 1, ""2019-02"": 2, ""2019-01"": 1, ""2018-12"": 1}",en (20); es (18); fr (16); de (14); it (7); pt (6); nl (2); da (1),free hot showers (65); public toilets available (38); close to town center (18); water tap available (16); safe feeling (10),noisy at night (26); showers not always hot (18); limited parking spots (10); no overnight parking allowed (7); crowded (6),2026-01-21 10:46:01
185459,(7520) Parque de Campismo da Ilha do Pessegueiro,https://park4night.com/en/place/185459,37.841802,-8.780198,Camping,,81,3.3,12.0,26.5,0.0,"{""2026-01"": 1, ""2025-12"": 1, ""2025-11"": 1, ""2025-09"": 1, ""2025-08"": 6, ""2025-07"": 2, ""2025-05"": 3, ""2024-11"": 1, ""2024-09"": 1, ""2024-08"": 5, ""2024-07"": 3, ""2024-04"": 2, ""2023-10"": 1, ""2023-09"": 1, ""2023-08"": 3, ""2023-07"": 3, ""2023-05"": 1, ""2023-03"": 1, ""2023-02"": 2, ""2022-09"": 1, ""2022-08"": 6, ""2022-07"": 2, ""2022-05"": 1, ""2022-04"": 1, ""2022-03"": 3, ""2022-02"": 1, ""2021-11"": 4, ""2021-08"": 5, ""2021-07"": 3, ""2021-05"": 2, ""2020-11"": 1, ""2020-09"": 3, ""2020-08"": 5, ""2020-07"": 4}",pt (19); de (12); fr (10); es (6); en (6); nl (4); it (2),great sea view (25); plenty of space (17); friendly staff (11); clean toilets (10); good price (9); quiet (5); hot water showers (5),old/dated sanitary facilities (34); lack of shade (10); dirty bathrooms (9); no toilet paper (7); overcrowded (3); lack of services (3); noisy (3),2026-01-21 10:45:47
414156,(7555) Chaparral - Unnamed Road,https://park4night.com/en/place/414156,37.798014,-8.673591,Service area without parking,,66,4.76,0.0,0.0,0.0,"{""2025-12"": 2, ""2025-11"": 3, ""2025-10"": 2, ""2025-09"": 2, ""2025-08"": 6, ""2025-06"": 2, ""2025-05"": 1, ""2025-04"": 3, ""2025-03"": 1, ""2025-02"": 1, ""2025-01"": 3, ""2024-12"": 1, ""2024-10"": 2, ""2024-09"": 1, ""2024-08"": 2, ""2024-07"": 5, ""2024-06"": 2, ""2024-05"": 3, ""2024-02"": 1, ""2024-01"": 3, ""2023-12"": 3, ""2023-11"": 3, ""2023-10"": 1, ""2023-08"": 6, ""2023-07"": 2, ""2023-06"": 1, ""2023-05"": 4}",es (13); fr (13); en (5); pt (5); de (4); it (1); nl (1); pl (1),free services (26); clean facilities (24); water refill (17); waste disposal (15); quiet at night (3); easy to access (3); good water pressure (2),tight for large motorhomes (10); wet ground/poor drainage (4); water tap needs adapter (4); water pressure low (2); water tap needs button press (1); water shut off (1); grey water drain issue (1); tight turning radius (1); parking blocks (1),2026-01-21 10:45:23
587424,(7520-109) Sines - A26-1,https://park4night.com/en/place/587424,37.96108,-8.88525,Parking lot day/night,6.0,22,4.27,0.0,0.0,0.0,"{""2025-12"": 1, ""2025-11"": 1, ""2025-10"": 4, ""2025-09"": 4, ""2025-08"": 5, ""2025-07"": 1, ""2025-06"": 6}",en (3); fr (5); de (6); es (3); it (1); nl (2),beautiful view (13); sunset view (7); sound of the sea (4); quiet place (4); plenty of space (4); fishing opportunities (1); nearby shops (1),bad smell from refinery (5); sandy ground (3); noisy neighbors (1); rough terrain (2); overcrowded (1); trash (1),2026-01-21 10:45:12
130521,(7540) Santiago do Cacém - 14 Rua Vasco da Gama,https://park4night.com/en/place/130521,38.01659,-8.699258,Parking lot day/night,,9,3.0,0.0,0.0,0.0,"{""2025-12"": 1, ""2025-01"": 1, ""2024-11"": 1, ""2024-10"": 1, ""2024-04"": 1, ""2023-03"": 1, ""2022-05"": 1, ""2022-04"": 1, ""2020-02"": 1}",en (4); de (2); fr (1); nl (1); es (1),quiet at night (3); good for visiting town (3); good water pressure (1); safe feeling (1); nice view (2),very sloped parking (5); poor waste disposal (1); busy at times (1); no services on site (1); road works (1),2026-01-21 10:45:08
496539,(7630-174) Zambujeira do Mar - 22 Entrada da Barca,https://park4night.com/en/place/496539,37.549298,-8.791501,Extra services,2.0,5,4.0,0.0,0.0,0.0,"{""2025-11"": 1, ""2025-10"": 1, ""2025-01"": 1, ""2024-07"": 1, ""2024-06"": 1}",fr (3); de (2),good water quality (1); high flow rate (1); super location (1); good place to stop (1),need hose or adapter (3); faucet not working (1); faucet too low (1),2026-01-21 10:45:04
389406,(7520-106) Sines - Av. Gen. Humberto Delgado,https://park4night.com/en/place/389406,37.95956,-8.858946,Extra services,1.0,10,3.6,0.0,0.0,0.0,"{""2025-08"": 1, ""2025-01"": 1, ""2024-08"": 1, ""2024-05"": 1, ""2024-04"": 1, ""2024-03"": 1, ""2023-11"": 1, ""2023-08"": 1, ""2023-05"": 1, ""2023-04"": 1}",es (5); nl (2); fr (1); en (1),free water (4); good pressure (2); easy to use (2); convenient location (1),out of service (3); low water flow (1); difficult to operate (1),2026-01-21 10:44:51
372698,(7630-174) Odemira - 2b Rua Capitão Salgueiro Maia,https://park4night.com/en/place/372698,37.59991,-8.631203,Service area without parking,,33,3.76,,,2.0,"{""2025-12"": 2, ""2025-10"": 1, ""2025-08"": 1, ""2025-06"": 1, ""2025-04"": 3, ""2025-02"": 1, ""2024-12"": 2, ""2024-11"": 2, ""2024-09"": 1, ""2024-08"": 1, ""2024-04"": 1, ""2024-03"": 1, ""2024-02"": 2, ""2024-01"": 1, ""2023-12"": 3, ""2023-11"": 1, ""2023-09"": 1, ""2023-08"": 1, ""2023-04"": 1, ""2023-02"": 1, ""2023-01"": 3, ""2022-11"": 1, ""2022-09"": 1}",en (6); de (6); fr (5); es (2); nl (2); pt (2); it (2),services functioning well (7); clean facilities (5); helpful staff (3); good for emptying waste (3); washing facilities available (3),water not working (6); dryer not working (3); tight access/space (4); expensive laundry (3); electricity issues (2),2026-01-21 10:44:43
163064,(7630-174) Odemira - 2A Rua Souza Prado,https://park4night.com/en/place/163064,37.597193,-8.642696,Extra services,,25,4.44,,,0.0,"{""2025-10"": 1, ""2025-05"": 1, ""2025-03"": 2, ""2024-10"": 1, ""2024-09"": 2, ""2024-06"": 1, ""2023-12"": 2, ""2023-11"": 1, ""2023-08"": 1, ""2023-04"": 1, ""2023-02"": 1, ""2023-01"": 1, ""2022-09"": 1, ""2022-08"": 1, ""2022-05"": 1, ""2022-04"": 2, ""2022-02"": 1, ""2021-11"": 1, ""2020-08"": 1, ""2020-07"": 1, ""2020-01"": 1}",en (6); nl (4); fr (4); de (4); es (3); pt (1),very clean showers (11); hot water (10); friendly staff (5); good price (5); no time limit (3),no electrical outlets (3); closed on sundays (1); difficult parking nearby (1); short opening hours (3); uninterested staff (1),2026-01-21 10:44:35
30087,(7645-285) Camping Milfontes,https://park4night.com/en/place/30087,37.731701,-8.78301,Camping,,290,3.68,10.0,34.0,0.0,"{""2026-01"": 1, ""2025-12"": 2, ""2025-11"": 1, ""2025-10"": 6, ""2025-09"": 3, ""2025-08"": 10, ""2025-07"": 2, ""2025-06"": 5, ""2025-05"": 8, ""2025-04"": 3, ""2025-03"": 1, ""2025-02"": 1, ""2025-01"": 1, ""2024-12"": 4, ""2024-11"": 1, ""2024-10"": 3, ""2024-09"": 9, ""2024-08"": 10, ""2024-07"": 5, ""2024-06"": 3, ""2024-05"": 8, ""2024-04"": 5, ""2024-03"": 3, ""2024-02"": 2, ""2024-01"": 1, ""2023-12"": 2, ""2023-11"": 4, ""2023-10"": 6, ""2023-09"": 2, ""2023-08"": 9, ""2023-07"": 5, ""2023-06"": 5, ""2023-05"": 6, ""2023-04"": 5, ""2023-03"": 5, ""2023-02"": 2, ""2022-12"": 5, ""2022-11"": 2, ""2022-10"": 1, ""2022-09"": 5, ""2022-08"": 5, ""2022-07"": 5, ""2022-06"": 3, ""2022-05"": 9, ""2022-04"": 2, ""2022-03"": 3, ""2022-02"": 1, ""2021-12"": 3, ""2021-11"": 3, ""2021-10"": 5, ""2021-09"": 2, ""2021-08"": 5, ""2021-07"": 6, ""2021-06"": 1, ""2021-05"": 1, ""2021-04"": 1, ""2020-12"": 1, ""2020-11"": 1, ""2020-10"": 2, ""2020-09"": 2, ""2020-08"": 6, ""2020-07"": 4, ""2020-04"": 1, ""2020-03"": 2, ""2020-02"": 1, ""2020-01"": 2, ""2019-11"": 1, ""2019-10"": 1, ""2019-09"": 1, ""2019-08"": 2, ""2019-07"": 1, ""2019-06"": 3, ""2019-05"": 1, ""2019-04"": 3, ""2019-03"": 3, ""2018-11"": 3, ""2018-10"": 3, ""2018-09"": 4, ""2018-08"": 5, ""2018-07"": 1, ""2018-06"": 2, ""2018-05"": 4, ""2018-04"": 1, ""2018-02"": 2, ""2017-11"": 2, ""2017-10"": 3, ""2017-09"": 1, ""2017-08"": 3, ""2016-08"": 1}",nl (19); fr (41); de (27); en (15); es (13); pt (6); it (3),clean facilities (47); hot showers (41); friendly staff (27); good location (39); supermarket on site (19); quiet at night (11); shady pitches (17); newly renovated facilities (15); good value (11); close to town (15); close to beach (10),unclear/chaotic pitches (45); pool costs extra (24); old/dated facilities (23); no toilet paper (17); noisy (13); difficult for large vehicles (12); no hot water for dishes (7); unfriendly staff (10); sandy pitches (11); overcrowded (7),2026-01-21 10:44:22
86930,(7520-233) Sines - 15 Rua Paulo da Gama,https://park4night.com/en/place/86930,37.955733,-8.864568,Parking lot day/night,10.0,25,3.84,0.0,0.0,0.0,"{""2025-10"": 1, ""2025-07"": 1, ""2025-03"": 2, ""2025-02"": 1, ""2025-01"": 1, ""2024-10"": 1, ""2024-09"": 1, ""2024-07"": 2, ""2024-06"": 1, ""2024-04"": 1, ""2022-10"": 1, ""2022-08"": 1, ""2021-12"": 1, ""2020-09"": 1, ""2020-07"": 2, ""2019-12"": 1, ""2019-09"": 1, ""2019-08"": 1, ""2019-03"": 1, ""2018-10"": 1, ""2018-08"": 1, ""2018-07"": 1}",es (7); fr (5); de (4); nl (1); en (1),convenient for visiting town (7); free parking (4); clean public toilets (4); near playground (4); flat surface (2),noisy at night (6); overcrowded (3); lack of services (2); police warning (1); litter (1),2026-01-21 10:43:29
381425,(A26-1) Sines - 3 Rua Interior do Porto de Pesca de Sines,https://park4night.com/en/place/381425,37.95135,-8.874523,Parking lot day/night,5.0,23,3.78,0.0,0.0,0.0,"{""2025-09"": 1, ""2025-05"": 1, ""2025-04"": 1, ""2024-08"": 2, ""2024-07"": 3, ""2024-04"": 1, ""2024-03"": 1, ""2024-02"": 2, ""2024-01"": 1, ""2023-12"": 2, ""2023-11"": 1, ""2023-09"": 1, ""2023-08"": 2, ""2023-05"": 2, ""2023-03"": 1, ""2023-02"": 1}",fr (7); de (5); es (2); en (2); nl (1); it (1),great view of the port (10); quiet night (8); cats are cute (7); close to town (3); trash container available (1),parking too small for campers (4); ugly industrial view (2); lots of cats and seagulls (2); noisy club nearby (1); lots of cat poo (1); no bathrooms (1); slight slope (1),2026-01-21 10:43:15
588564,(7520) Sines - Unnamed road,https://park4night.com/en/place/588564,37.958769,-8.886944,Parking lot day/night,5.0,13,4.38,0.0,0.0,0.0,"{""2025-12"": 1, ""2025-11"": 1, ""2025-10"": 4, ""2025-09"": 3, ""2025-08"": 3, ""2025-07"": 1}",fr (4); de (3); es (3); pl (1),spectacular sea view (7); beautiful sunset (3); quiet night (3); plenty of space (1); good for overnight stay (1),smell of diesel/petrol (3); litter/trash around (2); port zone/cameras/uncertainty (3); uneven ground (1); bumpy road access (1),2026-01-21 10:43:10
311902,(7520-196) Sines - 3 Largo Nossa Senhora das Salvas,https://park4night.com/en/place/311902,37.95271,-8.874758,Parking lot day/night,2.0,6,3.67,0.0,0.0,0.0,"{""2023-07"": 1, ""2023-04"": 1, ""2022-09"": 1, ""2022-08"": 1, ""2022-06"": 1, ""2022-05"": 1}",it (1); de (1); fr (2); en (2),quiet area (4); nice view (1); close to town (2); close to beach (1); calm breeze (2),few parking spots (2); bright streetlights (1); youth gathering (1); close to houses (1); need to be discreet (2),2026-01-21 10:42:55
18105,(7520-109) Estacionamento do Miradouro da Costa do Norte,https://park4night.com/en/place/18105,37.962002,-8.88444,Parking lot day/night,12.0,115,4.32,0.0,0.0,0.0,"{""2026-01"": 2, ""2025-12"": 2, ""2025-11"": 3, ""2025-10"": 6, ""2025-09"": 12, ""2025-08"": 9, ""2025-07"": 4, ""2025-06"": 6, ""2025-05"": 6, ""2025-04"": 5, ""2025-03"": 2, ""2025-02"": 2, ""2025-01"": 2, ""2024-12"": 2, ""2024-11"": 2, ""2024-10"": 1, ""2024-09"": 4, ""2024-08"": 1, ""2023-12"": 1, ""2023-09"": 1, ""2022-10"": 2, ""2022-09"": 2, ""2022-08"": 1, ""2022-07"": 1, ""2022-06"": 1, ""2022-05"": 1, ""2022-04"": 1, ""2022-03"": 3, ""2022-02"": 1, ""2022-01"": 1, ""2021-12"": 1, ""2021-11"": 2, ""2021-09"": 2, ""2021-08"": 1, ""2020-07"": 2, ""2019-10"": 1, ""2019-08"": 1, ""2019-05"": 2, ""2019-04"": 1, ""2019-03"": 1, ""2019-01"": 1, ""2018-10"": 1, ""2018-09"": 2, ""2018-08"": 2, ""2018-02"": 1, ""2017-09"": 1, ""2017-01"": 1, ""2016-12"": 1, ""2016-09"": 1, ""2016-07"": 1, ""2016-02"": 1, ""2015-12"": 1}",de (20); nl (13); fr (13); it (8); es (7); en (5); pt (3),stunning sea view (49); quiet at night (24); beautiful sunset (17); lots of space (14); calm place (10),very windy (24); industrial smell (19); litter on the ground (10); uneven ground (7); police/fines (4),2026-01-21 10:42:47
73881,(7520) Sines - Unnamed Road,https://park4night.com/en/place/73881,37.960802,-8.843592,Extra services,,63,4.52,,,0.0,"{""2026-01"": 3, ""2025-11"": 1, ""2025-10"": 1, ""2025-05"": 1, ""2025-04"": 2, ""2025-03"": 1, ""2025-01"": 1, ""2024-11"": 1, ""2024-06"": 1, ""2024-03"": 2, ""2024-02"": 1, ""2024-01"": 1, ""2023-12"": 1, ""2023-10"": 3, ""2023-06"": 1, ""2023-05"": 3, ""2023-04"": 2, ""2023-02"": 2, ""2022-11"": 1, ""2022-09"": 1, ""2022-08"": 1, ""2022-06"": 1, ""2022-04"": 1, ""2021-12"": 1, ""2021-11"": 1, ""2021-08"": 1, ""2021-06"": 1, ""2021-01"": 1, ""2020-12"": 1, ""2020-11"": 1, ""2020-07"": 1, ""2020-05"": 1, ""2020-03"": 1, ""2020-02"": 1, ""2020-01"": 2, ""2019-12"": 1, ""2019-11"": 1, ""2019-10"": 2, ""2019-08"": 1, ""2019-05"": 1, ""2019-04"": 1, ""2019-03"": 2, ""2019-01"": 1, ""2018-11"": 2, ""2018-10"": 2, ""2018-09"": 1, ""2018-08"": 1, ""2018-05"": 1}",de (17); fr (13); en (10); nl (4); it (2); sv (1),friendly and helpful owner (29); fills german gas bottles (15); installs lpg system (8); speaks multiple languages (7); fills french gas bottles (4); sells gas adapters (4); fills dutch gas bottles (2); fills swedish gas bottles (1); fills italian gas bottles (1); fills belgian gas bottles (1); fills maroccan gas bottles (1); gives dogs treats (2); good price for gas (3); good price for installation (3),filling bottles is illegal (6); gas pump broken (2); not filling small bottles (1); bottle almost empty (1); only portuguese credit cards (1); not open on sundays (1); only fills empty bottles (1); does not fill half-full bottles (1); does not want to help with other people (1),2026-01-21 10:42:41
45946,(7520) Sines - 1 A26-1,https://park4night.com/en/place/45946,37.949001,-8.86168,Parking lot day/night,3.0,40,3.62,0.0,0.0,0.0,"{""2026-01"": 1, ""2025-11"": 1, ""2025-09"": 2, ""2025-08"": 2, ""2025-06"": 2, ""2025-03"": 1, ""2025-02"": 1, ""2024-12"": 1, ""2024-11"": 1, ""2024-10"": 1, ""2024-09"": 1, ""2024-08"": 2, ""2024-07"": 1, ""2024-05"": 1, ""2024-04"": 1, ""2024-03"": 1, ""2024-01"": 1, ""2023-11"": 1, ""2023-07"": 1, ""2023-04"": 2, ""2023-03"": 2, ""2023-01"": 1, ""2022-12"": 2, ""2022-11"": 1, ""2022-08"": 1, ""2020-02"": 1, ""2019-10"": 1, ""2019-06"": 1, ""2018-10"": 1, ""2018-05"": 1, ""2018-02"": 2, ""2017-10"": 1}",es (7); fr (6); it (5); de (4); en (3); pl (1),free parking (10); close to town center (10); quiet at night (8); close to beach (3); safe (3); plenty of space (3); good for large campers (3); level ground (2); near port (2); good view (1); clean (1),no services (7); road noise (11); can be crowded (3); bugs/mosquitoes (1); police presence (3),2026-01-21 10:42:39
97590,(7630) Odemira - 3 Rua Do Comercio,https://park4night.com/en/place/97590,37.598017,-8.80642,Extra services,8.0,15,3.0,0.0,0.0,0.0,"{""2026-01"": 1, ""2024-07"": 1, ""2023-08"": 1, ""2023-06"": 1, ""2023-03"": 1, ""2022-10"": 1, ""2022-09"": 1, ""2022-08"": 1, ""2020-10"": 1, ""2020-08"": 1, ""2019-08"": 1, ""2019-07"": 1, ""2019-04"": 2, ""2018-11"": 1}",es (6); en (3); fr (2); de (1),cleanliness (7); free parking (3); hot water available (1); electricity available (1),no shower head (4); cold water (4); electricity not working (3); door does not lock (2); closed (1),2026-01-21 10:42:13
